{"Frame": 794, "mean_u": 1.0929697751998901, "mean_v": -0.027318580076098442, "variance_u": 38.60653305053711, "variance_v": 6.892299175262451, "magnitude_histogram": {"_type": "histogram", "values": [14, 10, 1, 0, 1, 0, 0, 0, 0, 0, 1, 0, 0, 0, 1, 0, 0, 0, 0, 1, 0, 2, 1, 0, 0, 2, 0, 0, 0, 0, 0, 0, 0, 0, 0, 0, 0, 0, 0, 0, 0, 0, 0, 0, 0, 0, 0, 0, 0, 0, 0, 0, 0, 1, 0, 0, 0, 0, 0, 1, 0, 0, 0, 1], "bins": [0.005438639782369137, 0.35763946175575256, 0.7098402976989746, 1.062041163444519, 1.414241909980774, 1.7664427757263184, 2.1186435222625732, 2.4708445072174072, 2.823045253753662, 3.175246000289917, 3.527446985244751, 3.879647731781006, 4.23184871673584, 4.584049224853516, 4.93625020980835, 5.288451194763184, 5.640651702880859, 5.992852687835693, 6.345053672790527, 6.697254180908203, 7.049455165863037, 7.401656150817871, 7.753856658935547, 8.106057167053223, 8.458258628845215, 8.81045913696289, 9.162659645080566, 9.514861106872559, 9.867061614990234, 10.21926212310791, 10.571463584899902, 10.923664093017578, 11.275864601135254, 11.628066062927246, 11.980266571044922, 12.332467079162598, 12.68466854095459, 13.036869049072266, 13.389069557189941, 13.741271018981934, 14.09347152709961, 14.445672035217285, 14.797873497009277, 15.150074005126953, 15.502274513244629, 15.854475975036621, 16.206676483154297, 16.55887794494629, 16.91107749938965, 17.26327896118164, 17.615480422973633, 17.967679977416992, 18.319881439208984, 18.672082901000977, 19.024282455444336, 19.376483917236328, 19.72868537902832, 20.08088493347168, 20.433086395263672, 20.785287857055664, 21.137487411499023, 21.489688873291016, 21.841890335083008, 22.194089889526367, 22.54629135131836]}, "angle_histogram": {"_type": "histogram", "values": [1, 0, 0, 0, 0, 0, 0, 0, 0, 0, 0, 0, 0, 0, 1, 0, 1, 0, 1, 0, 0, 0, 0, 0, 0, 1, 0, 0, 0, 0, 1, 3, 0, 1, 0, 2, 0, 0, 2, 4, 4, 0, 2, 2, 1, 0, 0, 0, 2, 0, 1, 0, 0, 1, 0, 1, 0, 0, 0, 0, 0, 0, 1, 4], "bins": [-179.81053161621094, -174.19528198242188, -168.58001708984375, -162.9647674560547, -157.34951782226562, -151.73426818847656, -146.11900329589844, -140.50375366210938, -134.8885040283203, -129.27325439453125, -123.65799713134766, -118.04273986816406, -112.427490234375, -106.8122329711914, -101.19698333740234, -95.58172607421875, -89.96647644042969, -84.3512191772461, -78.7359619140625, -73.12071228027344, -67.50545501708984, -61.89020538330078, -56.27495193481445, -50.659698486328125, -45.04444122314453, -39.4291877746582, -33.813934326171875, -28.19868278503418, -22.58342742919922, -16.96817398071289, -11.352920532226562, -5.737667083740234, -0.12241363525390625, 5.492839813232422, 11.10809326171875, 16.723346710205078, 22.338600158691406, 27.953855514526367, 33.56910705566406, 39.18436050415039, 44.79961395263672, 50.41487121582031, 56.03012466430664, 61.64537811279297, 67.26062774658203, 72.87588500976562, 78.49113464355469, 84.10639190673828, 89.72164916992188, 95.33689880371094, 100.95215606689453, 106.5674057006836, 112.18266296386719, 117.79791259765625, 123.41316986083984, 129.02842712402344, 134.6436767578125, 140.25892639160156, 145.87417602539062, 151.48944091796875, 157.1046905517578, 162.71994018554688, 168.33518981933594, 173.95045471191406, 179.56570434570312]}, "_timestamp": 1718791488.669031, "_runtime": 399.69730281829834, "_step": 1588, "Optical Flow Analysis": {"_type": "image-file", "sha256": "e019db1ac2f25c5be6c972001b0fa9f90697a98805b6e00fe303390e1f2e5bbf", "size": 2043740, "path": "media/images/Optical Flow Analysis_1587_e019db1ac2f25c5be6c9.png", "format": "png", "width": 1920, "height": 1080}, "optical_flow_table": {"_type": "table-file", "sha256": "fb8a6f38ccdbc3cbb07bb02070d22e07da5de3c24fab926a801a8c90fc667dbe", "size": 220403, "artifact_path": "wandb-client-artifact://mchtoc63iiwqdqa53acg04earexsfk65u6t58p4fve2g6cocci802baztl9a2d5vix7mp77ltvnb7lkt7j6i5t2wgcn02owvtta4ndw24ynmz23v114j6ewdzkkoyiq2/optical_flow_table.table.json", "_latest_artifact_path": "wandb-client-artifact://dkbzh4r1ejdqhc17pzeas8fyxkcnc6lvlig1ksv99jjy4kejz5pz5ucelbrgrv2hibhjxozyn85r06g5nw5hkibk2edeldh9h568g8l2he0k6zx8ltrq3raj77y3w2hp:latest/optical_flow_table.table.json", "path": "media/table/optical_flow_table_1588_fb8a6f38ccdbc3cbb07b.table.json", "ncols": 7, "nrows": 794}, "_wandb": {"runtime": 399}}