{"Average Flow Vector (mean_u)": 0.02118530310690403, "Average Flow Vector (mean_v)": 0.26023560762405396, "_timestamp": 1718711466.2936802, "_runtime": 59.57631516456604, "_step": 1825, "Optical Flow Analysis": {"_type": "image-file", "sha256": "9ced515f9141b31bc192c6d30adab3180f267dd8c83dc6c9c71d6a187dda1d4f", "size": 186237, "path": "media/images/Optical Flow Analysis_1825_9ced515f9141b31bc192.png", "format": "png", "width": 640, "height": 360}, "_wandb": {"runtime": 58}}