{"Frame": 1, "mean_u": -0.1725858747959137, "mean_v": -0.5224137902259827, "variance_u": 0.17285431921482086, "variance_v": 0.04289279133081436, "_timestamp": 1718773093.657997, "_runtime": 1.8578338623046875, "_step": 1, "Optical Flow Analysis": {"_type": "image-file", "sha256": "d1000d08b8ad2afd3de15768ddd2defe6fe588f38599ddc0400309e652510d26", "size": 153079, "path": "media/images/Optical Flow Analysis_1_d1000d08b8ad2afd3de1.png", "format": "png", "width": 640, "height": 360}, "_wandb": {"runtime": 1}}