{"state_data": {"attempts": [[10, 9, 10], [9, 9, 10], [9, 9, 9], [9, 9, 8], [9, 8, 8], [9, 8, 7], [9, 7, 7], [9, 7, 6], [9, 6, 6], [9, 5, 6], [9, 4, 6], [9, 3, 6], [9, 2, 6], [9, 1, 6], [9, 1, 5], [8, 1, 5], [7, 1, 5], [7, 0, 5], [7, 0, 4], [6, 0, 4], [6, 0, 3], [5, 0, 3], [5, 0, 2], [5, 0, 1], [5, 0, 0], [4, 0, 0], [3, 0, 0], [2, 0, 0], [1, 0, 0], [0, 0, 0]], "success": [[0, 0, 0], [1, 0, 0], [1, 0, 1], [1, 0, 2], [1, 1, 2], [1, 1, 3], [1, 1, 3], [1, 1, 3], [1, 1, 3], [1, 1, 3], [1, 1, 3], [1, 2, 3], [1, 3, 3], [1, 4, 3], [1, 4, 4], [2, 4, 4], [3, 4, 4], [3, 4, 4], [3, 4, 4], [3, 4, 4], [3, 4, 5], [3, 4, 5], [3, 4, 5], [3, 4, 6], [3, 4, 6], [3, 4, 6], [4, 4, 6], [4, 4, 6], [4, 4, 6], [5, 4, 6]], "failure": [[0, 1, 0], [0, 1, 0], [0, 1, 0], [0, 1, 0], [0, 1, 0], [0, 1, 0], [0, 2, 0], [0, 2, 1], [0, 3, 1], [0, 4, 1], [0, 5, 1], [0, 5, 1], [0, 5, 1], [0, 5, 1], [0, 5, 1], [0, 5, 1], [0, 5, 1], [0, 6, 1], [0, 6, 2], [1, 6, 2], [1, 6, 2], [2, 6, 2], [2, 6, 3], [2, 6, 3], [2, 6, 4], [3, 6, 4], [3, 6, 4], [4, 6, 4], [5, 6, 4], [5, 6, 4]], "probability": [[0.75], [0.65], [0.55], [0.45000000000000007], [0.3500000000000001], [0.2500000000000001], [0.3500000000000001], [0.45000000000000007], [0.55], [0.65], [0.75], [0.65], [0.55], [0.45000000000000007], [0.3500000000000001], [0.2500000000000001], [0.25], [0.35], [0.44999999999999996], [0.5499999999999999], [0.44999999999999996], [0.5499999999999999], [0.6499999999999999], [0.5499999999999999], [0.6499999999999999], [0.7499999999999999], [0.6499999999999999], [0.7499999999999999], [0.75], [0.65]]}}