{"state_data": {"attempts": [[10, 9, 10], [9, 9, 10], [8, 9, 10], [8, 9, 9], [8, 8, 9], [8, 7, 9], [8, 6, 9], [7, 6, 9], [7, 6, 8], [6, 6, 8], [5, 6, 8], [5, 5, 8], [4, 5, 8], [3, 5, 8], [3, 4, 8], [2, 4, 8], [1, 4, 8], [0, 4, 8], [0, 3, 8], [0, 3, 7], [0, 3, 6], [0, 2, 6], [0, 1, 6], [0, 1, 5], [0, 1, 4], [0, 1, 3], [0, 1, 2], [0, 0, 2], [0, 0, 1], [0, 0, 0]], "success": [[0, 1, 0], [1, 1, 0], [1, 1, 0], [1, 1, 0], [1, 1, 0], [1, 1, 0], [1, 2, 0], [2, 2, 0], [2, 2, 1], [3, 2, 1], [4, 2, 1], [4, 2, 1], [4, 2, 1], [4, 2, 1], [4, 2, 1], [5, 2, 1], [5, 2, 1], [6, 2, 1], [6, 3, 1], [6, 3, 2], [6, 3, 2], [6, 3, 2], [6, 4, 2], [6, 4, 2], [6, 4, 3], [6, 4, 3], [6, 4, 4], [6, 4, 4], [6, 4, 5], [6, 4, 6]], "failure": [[0, 0, 0], [0, 0, 0], [1, 0, 0], [1, 0, 1], [1, 1, 1], [1, 2, 1], [1, 2, 1], [1, 2, 1], [1, 2, 1], [1, 2, 1], [1, 2, 1], [1, 3, 1], [2, 3, 1], [3, 3, 1], [3, 4, 1], [3, 4, 1], [4, 4, 1], [4, 4, 1], [4, 4, 1], [4, 4, 1], [4, 4, 2], [4, 5, 2], [4, 5, 2], [4, 5, 3], [4, 5, 3], [4, 5, 4], [4, 5, 4], [4, 6, 4], [4, 6, 4], [4, 6, 4]], "probability": [[0.65], [0.55], [0.65], [0.75], [0.75], [0.75], [0.65], [0.55], [0.45000000000000007], [0.3500000000000001], [0.2500000000000001], [0.3500000000000001], [0.45000000000000007], [0.55], [0.65], [0.55], [0.65], [0.55], [0.45000000000000007], [0.3500000000000001], [0.45000000000000007], [0.55], [0.45000000000000007], [0.55], [0.45000000000000007], [0.55], [0.45000000000000007], [0.55], [0.45000000000000007], [0.3500000000000001]]}}