{"state_data": {"attempts": [[10, 10, 9], [10, 10, 8], [10, 10, 7], [10, 9, 7], [10, 8, 7], [10, 7, 7], [10, 7, 6], [10, 7, 5], [10, 6, 5], [10, 5, 5], [10, 5, 4], [10, 4, 4], [9, 4, 4], [9, 3, 4], [9, 2, 4], [9, 1, 4], [9, 1, 3], [9, 0, 3], [8, 0, 3], [8, 0, 2], [8, 0, 1], [8, 0, 0], [7, 0, 0], [6, 0, 0], [5, 0, 0], [4, 0, 0], [3, 0, 0], [2, 0, 0], [1, 0, 0], [0, 0, 0]], "success": [[0, 0, 0], [0, 0, 0], [0, 0, 1], [0, 1, 1], [0, 1, 1], [0, 1, 1], [0, 1, 2], [0, 1, 3], [0, 2, 3], [0, 2, 3], [0, 2, 3], [0, 2, 3], [1, 2, 3], [1, 3, 3], [1, 4, 3], [1, 4, 3], [1, 4, 4], [1, 4, 4], [1, 4, 4], [1, 4, 4], [1, 4, 4], [1, 4, 4], [2, 4, 4], [2, 4, 4], [3, 4, 4], [3, 4, 4], [3, 4, 4], [4, 4, 4], [5, 4, 4], [5, 4, 4]], "failure": [[0, 0, 1], [0, 0, 2], [0, 0, 2], [0, 0, 2], [0, 1, 2], [0, 2, 2], [0, 2, 2], [0, 2, 2], [0, 2, 2], [0, 3, 2], [0, 3, 3], [0, 4, 3], [0, 4, 3], [0, 4, 3], [0, 4, 3], [0, 5, 3], [0, 5, 3], [0, 6, 3], [1, 6, 3], [1, 6, 4], [1, 6, 5], [1, 6, 6], [1, 6, 6], [2, 6, 6], [2, 6, 6], [3, 6, 6], [4, 6, 6], [4, 6, 6], [4, 6, 6], [5, 6, 6]], "probability": [[0.75], [0.75], [0.65], [0.55], [0.65], [0.75], [0.65], [0.55], [0.45000000000000007], [0.55], [0.65], [0.75], [0.65], [0.55], [0.45000000000000007], [0.55], [0.45000000000000007], [0.55], [0.65], [0.75], [0.75], [0.75], [0.65], [0.75], [0.65], [0.75], [0.75], [0.65], [0.55], [0.65]]}}