{"state_data": {"attempts": [[9, 10, 10], [9, 10, 9], [9, 9, 9], [9, 8, 9], [8, 8, 9], [8, 8, 8], [8, 7, 8], [8, 7, 7], [8, 7, 6], [8, 6, 6], [7, 6, 6], [7, 6, 5], [7, 5, 5], [7, 5, 4], [7, 5, 3], [7, 4, 3], [7, 4, 2], [7, 4, 1], [7, 3, 1], [7, 2, 1], [7, 1, 1], [7, 0, 1], [7, 0, 0], [6, 0, 0], [5, 0, 0], [4, 0, 0], [3, 0, 0], [2, 0, 0], [1, 0, 0], [0, 0, 0]], "success": [[1, 0, 0], [1, 0, 1], [1, 0, 1], [1, 1, 1], [2, 1, 1], [2, 1, 2], [2, 2, 2], [2, 2, 2], [2, 2, 3], [2, 2, 3], [3, 2, 3], [3, 2, 4], [3, 2, 4], [3, 2, 4], [3, 2, 4], [3, 3, 4], [3, 3, 5], [3, 3, 6], [3, 4, 6], [3, 4, 6], [3, 5, 6], [3, 5, 6], [3, 5, 6], [3, 5, 6], [3, 5, 6], [4, 5, 6], [4, 5, 6], [5, 5, 6], [6, 5, 6], [6, 5, 6]], "failure": [[0, 0, 0], [0, 0, 0], [0, 1, 0], [0, 1, 0], [0, 1, 0], [0, 1, 0], [0, 1, 0], [0, 1, 1], [0, 1, 1], [0, 2, 1], [0, 2, 1], [0, 2, 1], [0, 3, 1], [0, 3, 2], [0, 3, 3], [0, 3, 3], [0, 3, 3], [0, 3, 3], [0, 3, 3], [0, 4, 3], [0, 4, 3], [0, 5, 3], [0, 5, 4], [1, 5, 4], [2, 5, 4], [2, 5, 4], [3, 5, 4], [3, 5, 4], [3, 5, 4], [4, 5, 4]], "probability": [[0.65], [0.55], [0.65], [0.55], [0.45000000000000007], [0.3500000000000001], [0.2500000000000001], [0.3500000000000001], [0.2500000000000001], [0.3500000000000001], [0.2500000000000001], [0.25], [0.35], [0.44999999999999996], [0.5499999999999999], [0.44999999999999996], [0.35], [0.25], [0.25], [0.35], [0.25], [0.35], [0.44999999999999996], [0.5499999999999999], [0.6499999999999999], [0.5499999999999999], [0.6499999999999999], [0.5499999999999999], [0.44999999999999996], [0.5499999999999999]]}}