{"state_data": {"attempts": [[10, 10, 9], [9, 10, 9], [9, 9, 9], [9, 8, 9], [9, 8, 8], [9, 7, 8], [8, 7, 8], [7, 7, 8], [6, 7, 8], [6, 7, 7], [6, 7, 6], [6, 7, 5], [6, 7, 4], [5, 7, 4], [5, 6, 4], [5, 6, 3], [5, 5, 3], [5, 5, 2], [5, 4, 2], [4, 4, 2], [4, 4, 1], [4, 3, 1], [3, 3, 1], [3, 2, 1], [3, 1, 1], [2, 1, 1], [1, 1, 1], [1, 1, 0], [0, 1, 0], [0, 0, 0]], "success": [[0, 0, 1], [1, 0, 1], [1, 1, 1], [1, 2, 1], [1, 2, 2], [1, 2, 2], [2, 2, 2], [2, 2, 2], [2, 2, 2], [2, 2, 3], [2, 2, 4], [2, 2, 4], [2, 2, 4], [3, 2, 4], [3, 2, 4], [3, 2, 5], [3, 2, 5], [3, 2, 5], [3, 2, 5], [4, 2, 5], [4, 2, 5], [4, 2, 5], [5, 2, 5], [5, 2, 5], [5, 3, 5], [6, 3, 5], [7, 3, 5], [7, 3, 5], [8, 3, 5], [8, 4, 5]], "failure": [[0, 0, 0], [0, 0, 0], [0, 0, 0], [0, 0, 0], [0, 0, 0], [0, 1, 0], [0, 1, 0], [1, 1, 0], [2, 1, 0], [2, 1, 0], [2, 1, 0], [2, 1, 1], [2, 1, 2], [2, 1, 2], [2, 2, 2], [2, 2, 2], [2, 3, 2], [2, 3, 3], [2, 4, 3], [2, 4, 3], [2, 4, 4], [2, 5, 4], [2, 5, 4], [2, 6, 4], [2, 6, 4], [2, 6, 4], [2, 6, 4], [2, 6, 5], [2, 6, 5], [2, 6, 5]], "probability": [[0.65], [0.55], [0.45000000000000007], [0.3500000000000001], [0.2500000000000001], [0.3500000000000001], [0.2500000000000001], [0.3500000000000001], [0.45000000000000007], [0.3500000000000001], [0.2500000000000001], [0.3500000000000001], [0.45000000000000007], [0.3500000000000001], [0.45000000000000007], [0.3500000000000001], [0.45000000000000007], [0.55], [0.65], [0.55], [0.65], [0.75], [0.65], [0.75], [0.65], [0.55], [0.45000000000000007], [0.55], [0.45000000000000007], [0.3500000000000001]]}}