{"state_data": {"attempts": [[10, 10, 9], [10, 9, 9], [9, 9, 9], [9, 8, 9], [9, 7, 9], [9, 7, 8], [9, 6, 8], [8, 6, 8], [7, 6, 8], [7, 6, 7], [7, 5, 7], [7, 4, 7], [7, 4, 6], [7, 4, 5], [7, 3, 5], [7, 2, 5], [7, 2, 4], [6, 2, 4], [6, 2, 3], [5, 2, 3], [4, 2, 3], [4, 2, 2], [4, 2, 1], [4, 2, 0], [4, 1, 0], [4, 0, 0], [3, 0, 0], [2, 0, 0], [1, 0, 0], [0, 0, 0]], "success": [[0, 0, 1], [0, 1, 1], [1, 1, 1], [1, 1, 1], [1, 2, 1], [1, 2, 1], [1, 3, 1], [1, 3, 1], [1, 3, 1], [1, 3, 2], [1, 3, 2], [1, 3, 2], [1, 3, 3], [1, 3, 4], [1, 4, 4], [1, 4, 4], [1, 4, 5], [1, 4, 5], [1, 4, 6], [1, 4, 6], [2, 4, 6], [2, 4, 7], [2, 4, 7], [2, 4, 8], [2, 4, 8], [2, 4, 8], [3, 4, 8], [3, 4, 8], [4, 4, 8], [4, 4, 8]], "failure": [[0, 0, 0], [0, 0, 0], [0, 0, 0], [0, 1, 0], [0, 1, 0], [0, 1, 1], [0, 1, 1], [1, 1, 1], [2, 1, 1], [2, 1, 1], [2, 2, 1], [2, 3, 1], [2, 3, 1], [2, 3, 1], [2, 3, 1], [2, 4, 1], [2, 4, 1], [3, 4, 1], [3, 4, 1], [4, 4, 1], [4, 4, 1], [4, 4, 1], [4, 4, 2], [4, 4, 2], [4, 5, 2], [4, 6, 2], [4, 6, 2], [5, 6, 2], [5, 6, 2], [6, 6, 2]], "probability": [[0.65], [0.55], [0.45000000000000007], [0.55], [0.45000000000000007], [0.55], [0.45000000000000007], [0.55], [0.65], [0.55], [0.65], [0.75], [0.65], [0.55], [0.45000000000000007], [0.55], [0.45000000000000007], [0.55], [0.45000000000000007], [0.55], [0.45000000000000007], [0.3500000000000001], [0.45000000000000007], [0.3500000000000001], [0.45000000000000007], [0.55], [0.45000000000000007], [0.55], [0.45000000000000007], [0.55]]}}