{"state_data": {"attempts": [[10, 10, 9], [10, 10, 8], [10, 10, 7], [10, 9, 7], [10, 8, 7], [10, 7, 7], [10, 7, 6], [10, 7, 5], [10, 7, 4], [10, 7, 3], [10, 6, 3], [10, 5, 3], [9, 5, 3], [9, 5, 2], [9, 4, 2], [9, 3, 2], [9, 3, 1], [9, 2, 1], [9, 2, 0], [8, 2, 0], [8, 1, 0], [8, 0, 0], [7, 0, 0], [6, 0, 0], [5, 0, 0], [4, 0, 0], [3, 0, 0], [2, 0, 0], [1, 0, 0], [0, 0, 0]], "success": [[0, 0, 1], [0, 0, 1], [0, 0, 2], [0, 1, 2], [0, 1, 2], [0, 2, 2], [0, 2, 2], [0, 2, 3], [0, 2, 3], [0, 2, 4], [0, 3, 4], [0, 3, 4], [0, 3, 4], [0, 3, 5], [0, 4, 5], [0, 4, 5], [0, 4, 5], [0, 4, 5], [0, 4, 6], [1, 4, 6], [1, 4, 6], [1, 5, 6], [1, 5, 6], [2, 5, 6], [3, 5, 6], [3, 5, 6], [4, 5, 6], [4, 5, 6], [5, 5, 6], [6, 5, 6]], "failure": [[0, 0, 0], [0, 0, 1], [0, 0, 1], [0, 0, 1], [0, 1, 1], [0, 1, 1], [0, 1, 2], [0, 1, 2], [0, 1, 3], [0, 1, 3], [0, 1, 3], [0, 2, 3], [1, 2, 3], [1, 2, 3], [1, 2, 3], [1, 3, 3], [1, 3, 4], [1, 4, 4], [1, 4, 4], [1, 4, 4], [1, 5, 4], [1, 5, 4], [2, 5, 4], [2, 5, 4], [2, 5, 4], [3, 5, 4], [3, 5, 4], [4, 5, 4], [4, 5, 4], [4, 5, 4]], "probability": [[0.65], [0.75], [0.65], [0.55], [0.65], [0.55], [0.65], [0.55], [0.65], [0.55], [0.45000000000000007], [0.55], [0.65], [0.55], [0.45000000000000007], [0.55], [0.65], [0.75], [0.65], [0.55], [0.65], [0.55], [0.65], [0.55], [0.45000000000000007], [0.55], [0.45000000000000007], [0.55], [0.45000000000000007], [0.3500000000000001]]}}