{"state_data": {"attempts": [[10, 9, 10], [9, 9, 10], [8, 9, 10], [8, 8, 10], [8, 7, 10], [7, 7, 10], [7, 7, 9], [7, 6, 9], [6, 6, 9], [6, 5, 9], [6, 5, 8], [6, 4, 8], [6, 3, 8], [6, 2, 8], [6, 1, 8], [6, 0, 8], [6, 0, 7], [6, 0, 6], [5, 0, 6], [5, 0, 5], [4, 0, 5], [3, 0, 5], [3, 0, 4], [3, 0, 3], [3, 0, 2], [2, 0, 2], [2, 0, 1], [2, 0, 0], [1, 0, 0], [0, 0, 0]], "success": [[0, 0, 0], [1, 0, 0], [1, 0, 0], [1, 1, 0], [1, 2, 0], [2, 2, 0], [2, 2, 0], [2, 2, 0], [3, 2, 0], [3, 2, 0], [3, 2, 1], [3, 2, 1], [3, 2, 1], [3, 3, 1], [3, 4, 1], [3, 5, 1], [3, 5, 2], [3, 5, 3], [4, 5, 3], [4, 5, 3], [5, 5, 3], [5, 5, 3], [5, 5, 4], [5, 5, 4], [5, 5, 4], [5, 5, 4], [5, 5, 5], [5, 5, 6], [6, 5, 6], [6, 5, 6]], "failure": [[0, 1, 0], [0, 1, 0], [1, 1, 0], [1, 1, 0], [1, 1, 0], [1, 1, 0], [1, 1, 1], [1, 2, 1], [1, 2, 1], [1, 3, 1], [1, 3, 1], [1, 4, 1], [1, 5, 1], [1, 5, 1], [1, 5, 1], [1, 5, 1], [1, 5, 1], [1, 5, 1], [1, 5, 1], [1, 5, 2], [1, 5, 2], [2, 5, 2], [2, 5, 2], [2, 5, 3], [2, 5, 4], [3, 5, 4], [3, 5, 4], [3, 5, 4], [3, 5, 4], [4, 5, 4]], "probability": [[0.75], [0.65], [0.75], [0.65], [0.55], [0.45000000000000007], [0.55], [0.65], [0.55], [0.65], [0.55], [0.65], [0.75], [0.65], [0.55], [0.45000000000000007], [0.3500000000000001], [0.2500000000000001], [0.25], [0.35], [0.25], [0.35], [0.25], [0.35], [0.44999999999999996], [0.5499999999999999], [0.44999999999999996], [0.35], [0.25], [0.35]]}}